City_ID,City,Country,Date,Lat,Lng,Max Temp,Humidity,Cloudiness,Wind Speed
0,Mataura,NZ,2022-02-10 02:37:48,-46.1927,168.8643,75.47,29,16,8.25
1,Punta Arenas,CL,2022-02-10 02:35:48,-53.15,-70.9167,46.51,57,40,24.16
2,Kapaa,US,2022-02-10 02:34:18,22.0752,-159.319,78.78,70,75,6.91
3,Busselton,AU,2022-02-10 02:37:48,-33.65,115.3333,84.04,36,5,3.02
4,Umm Lajj,SA,2022-02-10 02:37:49,25.0213,37.2685,66.22,59,0,13.69
5,Kavieng,PG,2022-02-10 02:37:49,-2.5744,150.7967,83.21,75,32,6.98
6,Puerto Ayora,EC,2022-02-10 02:37:49,-0.7393,-90.3518,73.74,83,96,5.86
7,Bredasdorp,ZA,2022-02-10 02:37:50,-34.5322,20.0403,63.72,88,100,6.91
8,Mar Del Plata,AR,2022-02-10 02:37:50,-38.0023,-57.5575,67.87,81,0,20.0
9,Thompson,CA,2022-02-10 02:33:05,55.7435,-97.8558,-2.04,71,100,3.44
10,Cherskiy,RU,2022-02-10 02:33:12,68.75,161.3,-39.17,98,89,4.59
11,Port Alfred,ZA,2022-02-10 02:37:51,-33.5906,26.891,65.01,81,1,9.15
12,Hobart,AU,2022-02-10 02:33:23,-42.8794,147.3294,73.26,43,75,16.11
13,Vila,PT,2022-02-10 02:37:51,42.0304,-8.1588,43.32,71,59,3.2
14,Tuktoyaktuk,CA,2022-02-10 02:37:52,69.4541,-133.0374,-20.2,76,75,12.66
15,Upernavik,GL,2022-02-10 02:37:52,72.7868,-56.1549,-13.56,79,100,8.37
16,Khatanga,RU,2022-02-10 02:37:53,71.9667,102.5,-3.3,94,77,14.5
17,Bluff,NZ,2022-02-10 02:37:53,-46.6,168.3333,75.79,84,45,12.62
18,Margate,GB,2022-02-10 02:36:19,51.3813,1.3862,48.88,89,100,3.0
19,Cidreira,BR,2022-02-10 02:37:54,-30.1811,-50.2056,72.05,71,94,13.62
20,Kaitangata,NZ,2022-02-10 02:37:54,-46.2817,169.8464,68.94,84,77,4.05
21,Lata,PT,2022-02-10 02:37:55,40.1629,-8.3327,47.05,69,69,3.83
22,Fort Nelson,CA,2022-02-10 02:37:55,58.8053,-122.7002,9.99,85,75,3.44
23,Cape Town,ZA,2022-02-10 02:37:55,-33.9258,18.4232,67.87,90,75,6.91
24,Itarema,BR,2022-02-10 02:37:56,-2.9248,-39.9167,77.31,78,14,7.87
25,Atuona,PF,2022-02-10 02:37:56,-9.8,-139.0333,78.58,77,11,17.0
26,Panguna,PG,2022-02-10 02:37:56,-6.3164,155.4848,78.3,78,68,3.42
27,Mitchell,US,2022-02-10 02:37:57,43.7094,-98.0298,31.1,72,0,8.05
28,Grindavik,IS,2022-02-10 02:37:57,63.8424,-22.4338,19.87,79,0,2.3
29,Bambous Virieux,MU,2022-02-10 02:37:58,-20.3428,57.7575,74.21,94,40,2.3
30,Kuito,AO,2022-02-10 02:37:58,-12.3833,16.9333,57.52,89,100,2.82
31,Hilo,US,2022-02-10 02:37:58,19.7297,-155.09,76.73,73,20,6.91
32,Ponta Do Sol,PT,2022-02-10 02:37:59,32.6667,-17.1,68.13,27,100,3.58
33,Hithadhoo,MV,2022-02-10 02:37:59,-0.6,73.0833,81.88,73,33,11.18
34,East London,ZA,2022-02-10 02:37:59,-33.0153,27.9116,67.03,77,0,5.41
35,Clyde River,CA,2022-02-10 02:38:00,70.4692,-68.5914,-12.77,77,100,32.21
36,Jamestown,US,2022-02-10 02:38:00,42.097,-79.2353,45.72,37,40,10.36
37,Ribeira Grande,PT,2022-02-10 02:38:00,38.5167,-28.7,59.14,70,1,12.91
38,Rikitea,PF,2022-02-10 02:38:01,-23.1203,-134.9692,79.05,73,37,17.2
39,Cornelius,US,2022-02-10 02:36:57,35.4868,-80.8601,47.82,59,0,0.0
40,Inirida,CO,2022-02-10 02:37:23,3.8653,-67.9239,72.59,94,100,1.52
41,Vao,NC,2022-02-10 02:38:01,-22.6667,167.4833,80.78,88,100,36.08
42,Apple Valley,US,2022-02-10 02:38:02,34.5008,-117.1859,70.07,14,0,1.01
43,Mount Gambier,AU,2022-02-10 02:38:02,-37.8333,140.7667,69.71,40,100,11.5
44,Namatanai,PG,2022-02-10 02:38:02,-3.6667,152.4333,84.69,71,61,6.78
45,Wamba,NG,2022-02-10 02:38:03,8.9333,8.6,70.88,13,17,4.23
46,Lebu,CL,2022-02-10 02:38:03,-37.6167,-73.65,59.76,86,42,20.69
47,Udachnyy,RU,2022-02-10 02:36:53,66.4167,112.4,-2.56,83,99,2.95
48,Saldanha,ZA,2022-02-10 02:34:20,-33.0117,17.9442,64.45,93,50,4.59
49,Victoria,HK,2022-02-10 02:33:21,22.2855,114.1577,66.94,84,93,3.0
50,Ilulissat,GL,2022-02-10 02:38:04,69.2167,-51.1,10.42,67,20,23.02
51,Butaritari,KI,2022-02-10 02:38:04,3.0707,172.7902,81.59,78,100,14.83
52,Lompoc,US,2022-02-10 02:36:31,34.6391,-120.4579,71.91,39,0,4.61
53,Nang Rong,TH,2022-02-10 02:38:05,14.6377,102.7914,85.32,46,37,7.76
54,Birjand,IR,2022-02-10 02:38:05,32.8663,59.2211,27.07,59,0,4.61
55,Pacific Grove,US,2022-02-10 02:38:06,36.6177,-121.9166,67.01,50,94,5.99
56,Iskilip,TR,2022-02-10 02:38:06,40.7353,34.4739,23.0,88,10,8.05
57,Iqaluit,CA,2022-02-10 02:38:06,63.7506,-68.5145,-27.31,74,40,4.61
58,Camacha,PT,2022-02-10 02:38:07,33.0833,-16.3333,62.02,88,0,6.91
59,Chuy,UY,2022-02-10 02:38:07,-33.6971,-53.4616,64.92,78,0,8.12
60,Okhotsk,RU,2022-02-10 02:38:08,59.3833,143.3,12.7,75,100,10.18
61,Erenhot,CN,2022-02-10 02:38:08,43.6475,111.9767,13.21,70,44,9.95
62,Geraldton,AU,2022-02-10 02:38:08,-28.7667,114.6,91.81,22,0,5.75
63,Baherden,TM,2022-02-10 02:38:09,38.4362,57.4316,49.01,36,4,5.88
64,Garden City,US,2022-02-10 02:38:09,42.3256,-83.331,39.02,73,100,13.8
65,Sao Joao Da Barra,BR,2022-02-10 02:38:10,-21.6403,-41.0511,68.47,97,100,10.18
66,Beringovskiy,RU,2022-02-10 02:38:10,63.05,179.3167,-17.57,87,2,9.28
67,Saint-Augustin,CA,2022-02-10 02:38:10,51.226,-58.6502,21.52,85,44,10.58
68,Los Llanos De Aridane,ES,2022-02-10 02:38:11,28.6585,-17.9182,71.13,35,0,7.0
69,Leningradskiy,RU,2022-02-10 02:38:11,69.3833,178.4167,-29.63,97,81,6.38
70,Farah,AF,2022-02-10 02:38:12,32.5,62.5,43.23,37,0,2.37
71,Verkhoyansk,RU,2022-02-10 02:38:12,67.5447,133.385,-32.67,98,94,0.92
72,Berlevag,NO,2022-02-10 02:38:12,70.8578,29.0864,25.29,84,34,22.53
73,Bosaso,SO,2022-02-10 02:38:13,11.2842,49.1816,70.09,67,44,4.27
74,Castro,BR,2022-02-10 02:38:13,-24.7911,-50.0119,58.24,99,22,5.73
75,Esperance,AU,2022-02-10 02:38:13,-33.8667,121.9,78.64,51,4,11.14
76,Agen,FR,2022-02-10 02:38:14,44.2,0.6333,48.51,100,4,9.22
77,Nikolskoye,RU,2022-02-10 02:38:14,59.7035,30.7861,35.71,93,100,11.25
78,Inuvik,CA,2022-02-10 02:38:15,68.3499,-133.7218,-19.19,69,75,5.75
79,Staryy Nadym,RU,2022-02-10 02:38:15,65.6118,72.6842,-4.34,91,28,14.12
80,Severo-Kurilsk,RU,2022-02-10 02:38:15,50.6789,156.125,30.78,71,100,18.48
81,Saint-Philippe,RE,2022-02-10 02:38:16,-21.3585,55.7679,74.79,77,50,2.42
82,Taunggyi,MM,2022-02-10 02:38:16,20.7833,97.0333,66.36,21,42,0.78
83,Lisieux,FR,2022-02-10 02:38:16,49.1667,0.1667,44.33,87,100,6.31
84,Yellowknife,CA,2022-02-10 02:37:57,62.456,-114.3525,-6.59,87,100,14.97
85,Nanakuli,US,2022-02-10 02:38:17,21.3906,-158.1547,80.55,59,40,10.36
86,Kungurtug,RU,2022-02-10 02:38:17,50.5994,97.5228,-10.79,93,100,1.07
87,Cochrane,CA,2022-02-10 02:38:18,51.1834,-114.4687,51.04,43,40,13.8
88,Redditch,GB,2022-02-10 02:35:06,52.3065,-1.9457,42.37,88,100,3.0
89,Fortuna,US,2022-02-10 02:38:18,40.5982,-124.1573,58.86,75,0,0.0
90,Sioux Lookout,CA,2022-02-10 02:38:19,50.1001,-91.917,7.18,72,100,11.5
91,Albany,US,2022-02-10 02:37:30,42.6001,-73.9662,40.68,68,99,2.93
92,Port Elizabeth,ZA,2022-02-10 02:38:19,-33.918,25.5701,64.58,81,8,7.45
93,Luderitz,NA,2022-02-10 02:38:20,-26.6481,15.1594,73.38,51,81,17.31
94,Kostomuksha,RU,2022-02-10 02:38:20,64.571,30.5767,25.05,97,100,6.4
95,Qaanaaq,GL,2022-02-10 02:38:21,77.484,-69.3632,-21.46,64,94,6.93
96,Lorengau,PG,2022-02-10 02:38:21,-2.0226,147.2712,84.15,74,62,8.7
97,Omboue,GA,2022-02-10 02:38:21,-1.5746,9.2618,78.46,90,100,6.15
98,Kabare,CD,2022-02-10 02:38:22,-2.4683,28.8242,61.39,95,100,1.19
99,Leresti,RO,2022-02-10 02:38:22,45.3333,25.0667,30.92,90,22,4.94
100,Kununurra,AU,2022-02-10 02:38:22,-15.7667,128.7333,91.38,62,85,5.75
101,Zhenlai,CN,2022-02-10 02:38:23,45.8495,123.2973,14.9,84,76,7.14
102,Acarau,BR,2022-02-10 02:38:23,-2.8856,-40.12,77.7,78,35,8.88
103,Rawson,AR,2022-02-10 02:38:23,-43.3002,-65.1023,64.47,86,100,8.52
104,Port Hardy,CA,2022-02-10 02:38:24,50.6996,-127.4199,45.75,93,75,4.61
105,Kayes,ML,2022-02-10 02:38:24,14.0,-11.0,75.96,9,52,7.02
106,Sorkjosen,NO,2022-02-10 02:38:25,69.8,20.9333,21.6,70,98,11.01
107,Hovd,MN,2022-02-10 02:38:25,48.0056,91.6419,-4.56,92,99,0.07
108,Vaini,TO,2022-02-10 02:38:25,-21.2,-175.2,84.36,89,40,10.36
109,Mabaruma,GY,2022-02-10 02:38:26,8.2,-59.7833,71.19,88,75,2.51
110,Chapais,CA,2022-02-10 02:38:26,49.7834,-74.8492,24.58,95,100,10.98
111,Ruwi,OM,2022-02-10 02:38:27,23.5996,58.5507,67.69,59,0,1.12
112,Galle,LK,2022-02-10 02:36:13,6.0367,80.217,81.07,66,88,1.19
113,Wajir,KE,2022-02-10 02:38:27,1.7471,40.0573,72.14,83,2,10.18
114,Hermanus,ZA,2022-02-10 02:38:27,-34.4187,19.2345,66.9,86,99,6.44
115,Yar-Sale,RU,2022-02-10 02:38:28,66.8333,70.8333,0.34,97,58,12.48
116,Souillac,MU,2022-02-10 02:38:28,-20.5167,57.5167,74.35,94,40,2.3
117,La Palma,US,2022-02-10 02:37:31,33.8464,-118.0467,80.55,23,20,5.75
118,Chake Chake,TZ,2022-02-10 02:38:29,-5.2459,39.7666,80.47,70,73,11.48
119,Sur,OM,2022-02-10 02:38:29,22.5667,59.5289,67.01,63,2,2.28
120,Havelock,US,2022-02-10 02:38:30,34.8791,-76.9013,47.95,90,0,5.75
121,Torbay,CA,2022-02-10 02:38:30,47.6666,-52.7314,35.58,91,75,27.63
122,Kavaratti,IN,2022-02-10 02:38:30,10.5669,72.642,79.97,73,100,15.12
123,New Norfolk,AU,2022-02-10 02:38:31,-42.7826,147.0587,72.91,30,8,9.66
124,San Cristobal,VE,2022-02-10 02:38:31,7.7669,-72.225,73.58,93,97,1.66
125,Aruja,BR,2022-02-10 02:38:31,-23.3961,-46.3208,68.11,88,100,8.05
126,Vanavara,RU,2022-02-10 02:38:32,60.34,102.2797,-17.27,95,61,3.85
127,Laguna,US,2022-02-10 02:37:30,38.421,-121.4238,66.49,65,0,4.61
128,Kharp,RU,2022-02-10 02:38:32,66.8014,65.8081,-1.25,100,100,3.2
129,Coquimbo,CL,2022-02-10 02:38:33,-29.9533,-71.3436,64.13,88,100,6.91
130,Riyadh,SA,2022-02-10 02:37:37,24.6877,46.7219,53.74,32,0,9.73
131,Rocha,UY,2022-02-10 02:38:33,-34.4833,-54.3333,60.44,87,0,5.99
132,Zafra,ES,2022-02-10 02:38:34,38.4167,-6.4167,46.89,72,5,1.99
133,Coahuayana,MX,2022-02-10 02:38:34,18.7333,-103.6833,67.41,77,0,2.86
134,Beisfjord,NO,2022-02-10 02:38:34,68.3751,17.5988,30.25,77,100,10.04
135,Tual,ID,2022-02-10 02:38:35,-5.6667,132.75,79.11,87,100,18.12
136,Marawi,PH,2022-02-10 02:38:35,7.9986,124.2928,70.65,79,100,4.85
137,Atambua,ID,2022-02-10 02:38:35,-9.1061,124.8925,80.82,79,80,4.34
138,Sarangani,PH,2022-02-10 02:38:36,5.4033,125.4636,82.0,77,100,20.45
139,Paducah,US,2022-02-10 02:38:36,37.0834,-88.6001,49.21,69,100,0.0
140,Fairbanks,US,2022-02-10 02:35:12,64.8378,-147.7164,-1.91,77,100,5.75
141,Puerto Colombia,CO,2022-02-10 02:38:37,10.9878,-74.9547,80.69,83,52,24.4
142,Alofi,NU,2022-02-10 02:38:37,-19.0595,-169.9187,85.89,70,40,8.05
143,Te Anau,NZ,2022-02-10 02:38:37,-45.4167,167.7167,74.35,44,1,7.85
144,Cap-Aux-Meules,CA,2022-02-10 02:38:38,47.3821,-61.8597,26.62,93,20,8.05
145,Solnechnyy,RU,2022-02-10 02:38:38,50.7214,136.6319,10.8,86,98,3.02
146,Inhambane,MZ,2022-02-10 02:38:38,-23.865,35.3833,74.05,83,0,1.48
147,Nyurba,RU,2022-02-10 02:38:39,63.2842,118.3319,-22.67,97,99,1.61
148,Itupiranga,BR,2022-02-10 02:38:39,-5.1347,-49.3267,72.81,96,92,1.07
149,Barrow,US,2022-02-10 02:38:40,71.2906,-156.7887,-20.18,69,100,10.36
150,Prieska,ZA,2022-02-10 02:38:40,-29.6641,22.7474,73.54,29,0,3.67
151,Ancud,CL,2022-02-10 02:34:01,-41.8697,-73.8203,53.42,72,92,10.71
152,Carnarvon,AU,2022-02-10 02:38:40,-24.8667,113.6333,84.27,61,0,12.66
153,Predivinsk,RU,2022-02-10 02:38:41,57.0669,93.4378,-14.57,96,16,2.04
154,Moerai,PF,2022-02-10 02:38:41,-22.4333,-151.3333,79.97,78,100,12.15
155,Praia,CV,2022-02-10 02:38:42,14.9215,-23.5087,73.94,60,0,11.5
156,Beira,MZ,2022-02-10 02:38:42,-19.8436,34.8389,73.36,92,3,5.95
157,Batalha,BR,2022-02-10 02:38:42,-9.6778,-37.1247,77.27,77,53,6.73
158,Ushuaia,AR,2022-02-10 02:34:00,-54.8,-68.3,47.86,46,75,18.41
159,Klyuchi,RU,2022-02-10 02:38:43,52.2667,79.1667,-19.34,100,83,4.92
160,Port Macquarie,AU,2022-02-10 02:38:43,-31.4333,152.9167,88.9,45,0,7.58
161,La Ronge,CA,2022-02-10 02:38:43,55.1001,-105.2842,10.65,85,100,3.44
162,Vila Velha,BR,2022-02-10 02:38:44,-20.3297,-40.2925,75.15,86,75,6.91
163,Norman Wells,CA,2022-02-10 02:38:44,65.282,-126.8329,-7.56,64,100,3.44
164,Saskylakh,RU,2022-02-10 02:38:45,71.9167,114.0833,-1.19,90,100,13.49
165,Shubarkuduk,KZ,2022-02-10 02:38:45,49.1447,56.4872,14.14,90,100,14.07
166,Monterey,US,2022-02-10 02:36:30,36.2505,-121.2516,65.97,37,100,3.04
167,San Juan,AR,2022-02-10 02:33:51,-31.5375,-68.5364,86.04,26,96,16.84
168,Tura,IN,2022-02-10 02:38:46,25.5198,90.2201,65.84,53,39,2.8
169,Phan Thiet,VN,2022-02-10 02:38:46,10.9333,108.1,87.46,53,46,11.14
170,Broken Hill,AU,2022-02-10 02:38:46,-31.95,141.4333,78.51,36,9,19.57
171,Maceio,BR,2022-02-10 02:38:47,-9.6658,-35.7353,76.44,88,0,3.44
172,Guerrero Negro,MX,2022-02-10 02:38:47,27.9769,-114.0611,62.6,63,0,9.08
173,Peniche,PT,2022-02-10 02:38:47,39.3558,-9.3811,55.45,82,60,7.63
174,Chengde,CN,2022-02-10 02:38:48,40.9725,117.9361,34.5,29,3,1.07
175,Bjornevatn,NO,2022-02-10 02:38:48,69.6672,29.9847,26.94,80,100,11.5
176,Sao Filipe,CV,2022-02-10 02:34:29,14.8961,-24.4956,77.05,54,99,6.15
177,Shingu,JP,2022-02-10 02:38:49,33.7333,135.9833,49.19,88,100,6.6
178,Longyearbyen,SJ,2022-02-10 02:38:49,78.2186,15.6401,13.84,85,20,6.91
179,Pimentel,PE,2022-02-10 02:38:49,-6.8367,-79.9342,71.49,75,100,10.25
180,Dikson,RU,2022-02-10 02:38:50,73.5069,80.5464,4.48,94,100,21.68
181,Olinda,BR,2022-02-10 02:38:50,-8.0089,-34.8553,82.13,69,40,6.91
182,Coihaique,CL,2022-02-10 02:38:02,-45.5752,-72.0662,50.61,66,0,3.44
183,Glasgow,GB,2022-02-10 02:38:51,55.8652,-4.2576,37.81,93,40,6.91
184,Mirnyy,RU,2022-02-10 02:38:51,62.5353,113.9611,-14.06,95,99,3.58
185,Kodiak,US,2022-02-10 02:38:06,57.79,-152.4072,20.71,42,0,14.97
186,Augustdorf,DE,2022-02-10 02:38:51,51.9094,8.7317,46.04,84,100,5.55
187,Mimoso Do Sul,BR,2022-02-10 02:38:52,-21.0642,-41.3664,68.72,99,100,1.39
188,Avarua,CK,2022-02-10 02:38:52,-21.2078,-159.775,80.65,83,20,13.8
189,Half Moon Bay,US,2022-02-10 02:38:52,37.4636,-122.4286,66.24,51,0,11.5
190,Raga,SS,2022-02-10 02:38:53,8.4596,25.678,67.44,24,7,3.91
191,Mahebourg,MU,2022-02-10 02:38:53,-20.4081,57.7,74.25,94,40,2.3
192,Makakilo City,US,2022-02-10 02:38:54,21.3469,-158.0858,79.12,60,40,16.11
193,Talnakh,RU,2022-02-10 02:38:54,69.4865,88.3972,-5.8,98,100,10.58
194,Arraial Do Cabo,BR,2022-02-10 02:35:49,-22.9661,-42.0278,69.12,94,95,9.22
195,Balabac,PH,2022-02-10 02:38:55,7.9868,117.0645,82.38,79,92,18.37
196,Provideniya,RU,2022-02-10 02:38:55,64.3833,-173.3,-3.89,59,0,15.66
197,Jalu,LY,2022-02-10 02:38:55,29.0331,21.5482,47.93,63,5,9.1
198,Lundazi,ZM,2022-02-10 02:38:56,-12.2929,33.1782,63.14,98,100,2.13
199,Tasiilaq,GL,2022-02-10 02:38:56,65.6145,-37.6368,14.16,54,100,8.41
200,Chicama,PE,2022-02-10 02:38:56,-7.8447,-79.1469,68.54,70,88,4.45
201,Yingkou,CN,2022-02-10 02:38:57,40.6648,122.2283,34.84,68,1,8.43
202,Curuguaty,PY,2022-02-10 02:38:57,-24.4694,-55.6945,68.4,62,19,2.91
203,Centenario Do Sul,BR,2022-02-10 02:38:58,-22.8211,-51.5953,68.83,84,37,5.19
204,Jasper,US,2022-02-10 02:38:58,37.2001,-94.3502,48.02,49,0,0.0
205,Tuatapere,NZ,2022-02-10 02:38:58,-46.1333,167.6833,75.81,55,32,5.08
206,Palmer,US,2022-02-10 02:38:59,42.1584,-72.3287,34.97,75,75,0.0
207,Samarai,PG,2022-02-10 02:38:59,-10.6167,150.6667,83.3,67,85,12.55
208,Sao Miguel Do Araguaia,BR,2022-02-10 02:38:59,-13.275,-50.1628,71.87,94,100,2.68
209,Lagoa,PT,2022-02-10 02:35:49,39.05,-27.9833,58.48,68,0,16.37
210,Ihosy,MG,2022-02-10 02:39:00,-22.4,46.1167,70.39,90,100,5.26
211,Chokurdakh,RU,2022-02-10 02:39:00,70.6333,147.9167,-18.8,98,100,11.99
212,Sola,VU,2022-02-10 02:39:01,-13.8833,167.55,81.9,78,100,25.14
213,Zaysan,KZ,2022-02-10 02:39:01,47.4667,84.8667,7.16,96,100,2.28
214,Wanaka,NZ,2022-02-10 02:34:12,-44.7,169.15,80.11,31,2,11.99
215,Sassandra,CI,2022-02-10 02:39:02,4.95,-6.0833,76.8,92,6,3.71
216,Pevek,RU,2022-02-10 02:39:02,69.7008,170.3133,-30.96,99,99,4.81
217,Kencong,ID,2022-02-10 02:39:02,-8.2833,113.3667,85.41,63,100,4.61
218,Dukat,RU,2022-02-10 02:39:03,62.55,155.55,-10.93,80,58,3.33
219,Rajapur,IN,2022-02-10 02:39:03,25.3833,81.15,58.87,78,0,6.51
220,Bonavista,CA,2022-02-10 02:39:04,48.6499,-53.1147,36.12,91,100,21.12
221,Kitgum,UG,2022-02-10 02:39:04,3.2783,32.8867,75.99,32,97,2.95
222,Salalah,OM,2022-02-10 02:39:04,17.0151,54.0924,69.89,23,0,12.66
223,Mao,ES,2022-02-10 02:39:05,39.8885,4.2658,46.96,87,0,6.91
224,Bengkulu,ID,2022-02-10 02:39:05,-3.8004,102.2655,79.79,62,100,3.98
225,Balagansk,RU,2022-02-10 02:39:05,54.0103,103.0544,-9.51,91,99,5.53
226,Mangrol,IN,2022-02-10 02:39:06,21.1167,70.1167,67.08,51,85,14.38
227,Saint Anthony,US,2022-02-10 02:39:06,45.0205,-93.218,26.83,75,100,19.57
228,Deputatskiy,RU,2022-02-10 02:39:07,69.3,139.9,-23.96,85,78,6.2
229,Calabozo,VE,2022-02-10 02:39:07,8.9242,-67.4293,80.33,43,98,5.84
230,Kalmar,SE,2022-02-10 02:39:07,56.6616,16.3616,37.15,89,20,10.36
231,Price,US,2022-02-10 02:39:08,39.5994,-110.8107,43.86,42,0,17.27
232,Mareeba,AU,2022-02-10 02:39:08,-17.0,145.4333,91.44,51,75,2.73
233,Tilichiki,RU,2022-02-10 02:39:09,60.4667,166.1,-6.48,76,7,5.41
234,Patea,NZ,2022-02-10 02:39:09,-39.7583,174.4833,83.66,55,99,9.51
235,Hualmay,PE,2022-02-10 02:39:10,-11.0964,-77.6139,69.98,82,60,7.25
236,Indianola,US,2022-02-10 02:39:10,41.3581,-93.5574,32.49,83,60,7.14
237,Hasaki,JP,2022-02-10 02:39:10,35.7333,140.8333,41.4,83,100,17.49
238,Cali,CO,2022-02-10 02:38:22,3.4372,-76.5225,71.6,78,75,12.66
239,Nassau,US,2022-02-10 02:39:00,40.7507,-73.5829,41.05,83,0,3.44
240,Benghazi,LY,2022-02-10 02:39:11,32.1167,20.0667,54.34,60,0,11.07
241,Sechura,PE,2022-02-10 02:39:11,-5.5569,-80.8222,73.06,68,99,10.58
242,Namibe,AO,2022-02-10 02:39:12,-15.1961,12.1522,72.3,84,99,5.44
243,Stornoway,GB,2022-02-10 02:39:12,58.2093,-6.3865,39.16,80,75,20.71
244,Plover,US,2022-02-10 02:35:09,44.4564,-89.544,30.04,73,75,10.36
245,Xai-Xai,MZ,2022-02-10 02:39:13,-25.0519,33.6442,69.66,91,0,0.96
246,Nanortalik,GL,2022-02-10 02:39:13,60.1432,-45.2371,20.05,69,69,7.11
247,Kuusamo,FI,2022-02-10 02:39:14,65.9667,29.1833,24.84,93,100,9.22
248,Airai,TL,2022-02-10 02:39:14,-8.9266,125.4092,69.64,83,85,1.19
249,Charleston,US,2022-02-10 02:39:14,32.7766,-79.9309,47.01,86,40,6.91
250,Chubbuck,US,2022-02-10 02:39:15,42.9208,-112.4661,28.29,74,0,4.61
251,Tezu,IN,2022-02-10 02:39:15,27.9167,96.1667,63.41,65,99,0.94
252,Pangnirtung,CA,2022-02-10 02:39:16,66.1451,-65.7125,-21.91,96,100,5.79
253,Kumba,CM,2022-02-10 02:39:16,4.6363,9.4469,71.38,91,48,1.83
254,Usinsk,RU,2022-02-10 02:39:16,65.9939,57.5281,16.61,78,99,26.35
255,Merrill,US,2022-02-10 02:35:16,45.1805,-89.6835,26.55,71,75,13.8
256,Prince Rupert,CA,2022-02-10 02:39:17,54.3161,-130.3201,46.49,93,100,20.71
257,Gravelbourg,CA,2022-02-10 02:39:17,49.8834,-106.5512,30.47,91,100,8.23
258,Nuuk,GL,2022-02-10 02:39:18,64.1835,-51.7216,21.81,93,100,8.05
259,Along,IN,2022-02-10 02:39:18,28.1667,94.7667,55.02,92,99,0.36
260,Sicuani,PE,2022-02-10 02:39:18,-14.2694,-71.2261,43.48,94,100,5.57
261,Xam Nua,LA,2022-02-10 02:39:19,20.4197,104.0439,73.08,50,29,1.7
262,Maniitsoq,GL,2022-02-10 02:39:19,65.4167,-52.9,14.52,93,100,10.87
263,Bilibino,RU,2022-02-10 02:39:19,68.0546,166.4372,-32.69,100,80,1.52
264,Nouadhibou,MR,2022-02-10 02:39:20,20.931,-17.0347,71.58,33,27,13.8
265,Cabo San Lucas,MX,2022-02-10 02:37:46,22.8909,-109.9124,70.9,73,20,9.22
266,Weyburn,CA,2022-02-10 02:35:29,49.6668,-103.8511,30.42,86,100,4.61
267,Korla,CN,2022-02-10 02:39:12,41.7597,86.1469,28.42,45,97,2.15
268,Mangai,CD,2022-02-10 02:39:20,-4.05,19.5333,70.48,80,56,1.7
269,Maltahohe,NA,2022-02-10 02:39:21,-24.8333,16.9833,68.88,69,23,8.63
270,Mirador,BR,2022-02-10 02:39:21,-6.3708,-44.3631,71.92,97,32,3.04
271,Haines Junction,CA,2022-02-10 02:39:22,60.7522,-137.5108,39.15,60,12,5.75
272,La Libertad,EC,2022-02-10 02:39:22,-2.2333,-80.9,74.89,77,66,7.65
273,Kahului,US,2022-02-10 02:39:22,20.8947,-156.47,82.42,65,40,17.27
274,Gobabis,NA,2022-02-10 02:39:23,-22.45,18.9667,70.11,60,99,6.42
275,Elizabeth City,US,2022-02-10 02:39:23,36.2946,-76.2511,45.01,79,0,0.0
276,Kolyvan,RU,2022-02-10 02:39:23,55.3053,82.7391,-11.42,90,6,9.91
277,Vysokogornyy,RU,2022-02-10 02:39:24,50.1167,139.15,13.44,79,26,2.48
278,Sitka,US,2022-02-10 02:39:24,57.0531,-135.33,42.69,87,100,18.41
279,Richards Bay,ZA,2022-02-10 02:39:25,-28.783,32.0377,69.1,93,2,3.83
280,Merauke,ID,2022-02-10 02:39:25,-8.4667,140.3333,84.81,72,83,5.48
281,Mayo,US,2022-02-10 02:35:36,38.8876,-76.5119,48.24,71,0,12.66
282,Portland,US,2022-02-10 02:38:52,45.5234,-122.6762,54.59,81,40,3.0
283,Port Hedland,AU,2022-02-10 02:39:26,-20.3167,118.5667,89.65,66,8,16.11
284,Akyab,MM,2022-02-10 02:39:26,20.15,92.9,70.88,35,4,7.18
285,Georgetown,MY,2022-02-10 02:34:27,5.4112,100.3354,82.33,87,40,6.91
286,Wiang Sa,TH,2022-02-10 02:39:26,8.6359,99.3666,88.09,69,97,2.98
287,Dunda,TZ,2022-02-10 02:39:27,-8.1167,34.25,64.4,96,100,0.85
288,Miles City,US,2022-02-10 02:39:27,46.4083,-105.8406,42.51,75,75,4.61
289,Atasu,KZ,2022-02-10 02:39:28,48.6814,71.6433,3.67,98,92,3.6
290,Isangel,VU,2022-02-10 02:39:28,-19.55,169.2667,78.35,95,100,37.96
291,Jobner,IN,2022-02-10 02:39:28,26.9667,75.3833,51.22,67,0,2.66
292,Ushumun,RU,2022-02-10 02:39:29,52.7833,126.5333,6.6,77,84,5.32
293,Puerto Baquerizo Moreno,EC,2022-02-10 02:39:29,-0.9,-89.6,73.98,83,95,7.05
294,Mawlaik,MM,2022-02-10 02:39:30,23.6333,94.4167,69.26,32,1,2.04
295,Hofn,IS,2022-02-10 02:39:30,64.2539,-15.2082,21.25,71,58,17.36
296,Manakara,MG,2022-02-10 02:39:30,-22.1333,48.0167,75.18,93,41,5.26
297,Maumere,ID,2022-02-10 02:39:31,-8.6199,122.2111,82.92,76,100,2.75
298,Taksimo,RU,2022-02-10 02:39:31,56.3444,114.8794,-6.95,88,65,0.81
299,Belmonte,BR,2022-02-10 02:39:31,-15.8631,-38.8828,79.3,86,6,6.6
300,Yenangyaung,MM,2022-02-10 02:39:32,20.4667,94.8833,72.84,33,3,4.7
301,Stephenville,US,2022-02-10 02:39:32,32.2207,-98.2023,54.16,31,0,0.0
302,Dabakala,CI,2022-02-10 02:39:32,8.3667,-4.4333,74.08,19,0,3.98
303,Hirara,JP,2022-02-10 02:37:40,24.8,125.2833,68.27,83,75,17.27
304,Faanui,PF,2022-02-10 02:36:56,-16.4833,-151.75,81.36,75,87,13.15
305,Pangody,RU,2022-02-10 02:39:33,65.85,74.4859,-5.51,90,22,12.8
306,Kouroussa,GN,2022-02-10 02:39:33,10.65,-9.8833,71.71,19,0,3.98
307,Bobo Dioulasso,BF,2022-02-10 02:39:34,11.1771,-4.2979,72.05,18,0,8.05
308,Sexsmith,CA,2022-02-10 02:39:34,55.35,-118.786,45.75,66,75,27.63
309,Shimoda,JP,2022-02-10 02:39:34,34.6667,138.95,41.36,95,100,22.1
310,Pisco,PE,2022-02-10 02:39:35,-13.7,-76.2167,72.01,78,75,3.44
311,Bermejo,AR,2022-02-10 02:39:35,-32.8833,-68.8,82.31,34,20,6.91
312,Kloulklubed,PW,2022-02-10 02:39:36,7.0419,134.2556,82.9,80,100,10.6
313,Kamenskiy,RU,2022-02-10 02:39:36,50.8855,45.488,21.69,98,87,7.92
314,Ylivieska,FI,2022-02-10 02:39:36,64.0833,24.55,26.31,89,30,9.66
315,Kazanskaya,RU,2022-02-10 02:39:37,45.4106,40.4361,30.88,87,16,5.79
316,Flin Flon,CA,2022-02-10 02:39:37,54.7682,-101.865,5.81,96,100,5.32
317,Sorland,NO,2022-02-10 02:37:06,67.667,12.6934,40.57,75,84,32.17
318,Moranbah,AU,2022-02-10 02:39:38,-22.0016,148.0466,92.64,31,0,6.67
319,Lubumbashi,CD,2022-02-10 02:39:38,-11.6609,27.4794,62.91,99,100,3.0
320,Ilula,TZ,2022-02-10 02:39:38,-7.6766,36.0366,61.86,97,100,1.95
321,Lasa,IT,2022-02-10 02:39:39,46.6166,10.7002,51.26,35,33,3.29
322,Aleysk,RU,2022-02-10 02:39:39,52.4926,82.7822,-14.87,100,89,4.88
323,Tazovskiy,RU,2022-02-10 02:39:39,67.4667,78.7,-3.26,96,48,10.36
324,San Carlos De Bariloche,AR,2022-02-10 02:36:00,-41.1456,-71.3082,58.75,55,0,24.16
325,Meulaboh,ID,2022-02-10 02:39:40,4.1363,96.1285,75.67,87,100,8.43
326,Narsaq,GL,2022-02-10 02:35:11,60.9167,-46.05,16.02,69,97,10.42
327,Saint George,US,2022-02-10 02:36:26,37.1041,-113.5841,61.39,26,0,19.57
328,Lavrentiya,RU,2022-02-10 02:39:40,65.5833,-171.0,-25.51,94,34,8.05
329,Romny,UA,2022-02-10 02:39:41,50.751,33.4747,30.99,98,100,12.28
330,Salta,AR,2022-02-10 02:39:41,-24.7859,-65.4117,64.99,88,40,5.75
331,Zhuhai,CN,2022-02-10 02:39:42,22.2769,113.5678,66.69,82,75,13.8
332,Kargasok,RU,2022-02-10 02:39:42,59.0556,80.8572,-20.81,100,67,3.47
333,Cockburn Town,TC,2022-02-10 02:39:42,21.4612,-71.1419,77.88,75,0,18.9
334,Touros,BR,2022-02-10 02:39:43,-5.1989,-35.4608,81.5,72,85,8.34
335,Aranos,NA,2022-02-10 02:39:43,-24.1333,19.1167,73.8,53,76,3.27
336,Georgiyevka,KZ,2022-02-10 02:39:43,43.0369,74.7114,17.64,93,6,4.47
337,Northam,GB,2022-02-10 02:39:44,51.0333,-4.2167,45.3,84,100,11.56
338,Sangar,RU,2022-02-10 02:39:44,63.9242,127.4739,-25.78,94,78,3.31
339,Honningsvag,NO,2022-02-10 02:39:49,70.9821,25.9704,27.81,77,99,24.09
340,Codrington,AU,2022-02-10 02:39:49,-38.2667,141.9667,66.54,54,95,14.32
341,Ozinki,RU,2022-02-10 02:39:49,51.1786,49.6769,25.75,96,100,20.24
342,Norrtalje,SE,2022-02-10 02:39:50,59.758,18.705,36.43,76,3,15.66
343,Dingle,PH,2022-02-10 02:39:50,10.9995,122.6711,83.98,62,15,16.49
344,Ko Samui,TH,2022-02-10 02:39:51,9.5357,99.9357,84.11,74,20,8.05
345,Ndele,CF,2022-02-10 02:39:51,8.4109,20.6473,67.64,18,15,5.39
346,Shushtar,IR,2022-02-10 02:39:51,32.0455,48.8567,48.13,42,0,6.44
347,Ternate,ID,2022-02-10 02:39:52,0.8,127.4,84.49,67,54,3.71
348,Palana,RU,2022-02-10 02:39:52,59.1167,159.9667,3.96,90,34,3.62
349,Beloha,MG,2022-02-10 02:39:53,-25.1667,45.05,70.65,91,6,4.07
350,Bethel,US,2022-02-10 02:39:53,41.3712,-73.414,36.48,80,0,0.0
351,Tiarei,PF,2022-02-10 02:39:53,-17.5333,-149.3333,84.22,76,19,14.76
352,Pilar Do Sul,BR,2022-02-10 02:39:54,-23.8131,-47.7164,60.4,94,12,6.04
353,Alta Floresta,BR,2022-02-10 02:39:54,-9.8756,-56.0861,70.47,98,100,0.94
354,Myitkyina,MM,2022-02-10 02:39:54,25.3833,97.4,67.08,43,1,1.86
355,Defiance,US,2022-02-10 02:39:55,41.3334,-84.45,37.6,70,100,10.36
356,Winder,US,2022-02-10 02:39:55,33.9926,-83.7202,51.62,53,0,0.0
357,Mayumba,GA,2022-02-10 02:39:56,-3.432,10.6554,76.73,90,100,4.81
358,Altamira,BR,2022-02-10 02:39:56,-3.2033,-52.2064,71.15,99,100,1.19
359,Kuryk,KZ,2022-02-10 02:39:56,43.2,51.65,38.64,69,8,8.81
360,Panama City,PA,2022-02-10 02:39:57,8.9936,-79.5197,81.05,82,20,13.8
361,Arroyo,ES,2022-02-10 02:39:57,41.6096,-4.7969,48.18,52,0,3.44
362,Taquarituba,BR,2022-02-10 02:39:58,-23.5331,-49.2444,62.08,89,0,8.72
363,Natal,BR,2022-02-10 02:37:50,-5.795,-35.2094,81.25,78,20,5.75
364,Concarneau,FR,2022-02-10 02:39:58,47.875,-3.9225,47.82,81,100,4.47
365,Huarmey,PE,2022-02-10 02:39:58,-10.0681,-78.1522,71.38,79,100,6.33
366,Mago,RU,2022-02-10 02:39:59,53.2514,140.1822,10.65,89,98,3.15
367,Marystown,CA,2022-02-10 02:36:53,47.1666,-55.1483,34.86,100,69,8.99
368,Ugra,RU,2022-02-10 02:39:59,54.7777,34.3267,29.32,97,98,8.68
369,Bara,NG,2022-02-10 02:36:36,10.3744,10.7288,65.16,11,78,7.7
370,Henties Bay,NA,2022-02-10 02:40:00,-22.116,14.2845,66.85,89,1,5.3
371,Suntar,RU,2022-02-10 02:40:01,62.1444,117.6319,-14.71,94,99,2.04
372,Koulikoro,ML,2022-02-10 02:40:02,14.0,-7.75,66.56,11,2,9.57
373,Haileybury,CA,2022-02-10 02:40:02,47.449,-79.6373,32.58,90,100,11.14
374,Malinovskiy,RU,2022-02-10 02:40:03,61.1953,62.8397,8.8,95,100,10.8
375,Naryan-Mar,RU,2022-02-10 02:40:03,67.6713,53.087,14.95,89,100,22.28
376,Buraydah,SA,2022-02-10 02:40:04,26.326,43.975,54.05,33,0,11.72
377,Santa Isabel Do Rio Negro,BR,2022-02-10 02:40:04,-0.4139,-65.0192,72.36,99,98,0.89
378,Kimbe,PG,2022-02-10 02:40:04,-5.5502,150.1429,87.37,65,50,7.31
379,Viransehir,TR,2022-02-10 02:40:05,37.2353,39.7631,44.83,86,100,10.13
380,Nantucket,US,2022-02-10 02:40:05,41.2835,-70.0995,37.51,86,0,4.61
381,Uyuni,BO,2022-02-10 02:40:06,-20.4597,-66.825,54.03,32,4,11.7
382,Portmore,JM,2022-02-10 02:40:06,17.9702,-76.8672,80.56,78,20,11.5
383,Iranshahr,IR,2022-02-10 02:40:07,27.2025,60.6848,48.54,27,0,4.61
384,Catamarca,AR,2022-02-10 02:39:10,-28.4696,-65.7852,82.78,45,0,8.01
385,Lagos,NG,2022-02-10 02:40:04,6.5833,3.75,82.72,94,0,2.48
386,Gamba,GA,2022-02-10 02:40:07,-2.65,10.0,76.93,91,98,5.41
387,Ambulu,ID,2022-02-10 02:40:08,-8.345,113.6058,85.19,63,100,5.28
388,Somerset East,ZA,2022-02-10 02:40:08,-32.7217,25.588,59.13,66,0,3.47
389,Hambantota,LK,2022-02-10 02:40:09,6.1241,81.1185,77.34,94,75,4.61
390,Pavlodar,KZ,2022-02-10 02:40:09,52.3,76.95,-16.8,76,0,6.71
391,Sinnamary,GF,2022-02-10 02:40:10,5.3833,-52.95,75.88,87,33,7.61
392,Lac Du Bonnet,CA,2022-02-10 02:40:10,50.2536,-96.0612,-7.13,100,19,4.21
393,Urumqi,CN,2022-02-10 02:40:10,43.801,87.6005,13.15,79,75,2.24
394,Matara,LK,2022-02-10 02:40:11,5.9485,80.5353,80.51,69,92,2.53
395,Pata,PH,2022-02-10 02:40:11,17.7152,121.5018,81.09,73,78,1.05
396,Kodinsk,RU,2022-02-10 02:40:11,58.6881,99.1844,-14.04,97,69,2.13
397,Great Yarmouth,GB,2022-02-10 02:40:12,52.6083,1.7305,45.23,82,100,5.44
398,Cayenne,GF,2022-02-10 02:38:56,4.9333,-52.3333,75.24,92,75,9.22
399,Langnau,CH,2022-02-10 02:40:12,46.9394,7.7874,38.59,68,79,5.41
400,Verkhnevilyuysk,RU,2022-02-10 02:40:13,63.4453,120.3167,-24.7,94,75,1.32
401,Nome,US,2022-02-10 02:40:13,64.5011,-165.4064,-11.13,70,40,5.75
402,Abalak,RU,2022-02-10 02:40:14,58.1286,68.5944,-7.6,97,7,7.36
403,Taylor,US,2022-02-10 02:40:14,32.3001,-99.8337,52.75,35,0,4.61
404,Fontainebleau,FR,2022-02-10 02:40:15,48.4044,2.6903,45.1,90,60,11.21
405,Sabha,LY,2022-02-10 02:40:15,27.0377,14.4283,44.2,66,1,10.71
406,Amapa,BR,2022-02-10 02:40:15,1.0,-52.0,71.13,99,51,2.19
407,Aklavik,CA,2022-02-10 02:40:16,68.2191,-135.0107,-19.37,96,100,7.29
408,Sumbe,AO,2022-02-10 02:40:16,-11.2061,13.8437,74.7,81,100,4.52
409,Novikovo,RU,2022-02-10 02:40:17,51.1537,37.8879,28.04,92,95,11.21
410,Lufilufi,WS,2022-02-10 02:40:17,-13.8745,-171.5986,89.38,77,73,14.14
411,Ivot,RU,2022-02-10 02:40:17,53.6756,34.1872,32.2,97,100,9.78
412,Aligudarz,IR,2022-02-10 02:40:18,33.4006,49.6949,20.7,52,0,6.11
413,Lithakia,GR,2022-02-10 02:40:19,37.7167,20.8333,47.59,61,0,6.33
414,Mega,ET,2022-02-10 02:40:19,4.05,38.3,61.25,39,26,6.51
415,Aksarka,RU,2022-02-10 02:40:19,66.5606,67.7975,2.93,97,95,9.55
416,Rundu,NA,2022-02-10 02:40:20,-17.9333,19.7667,68.54,85,85,2.95
417,Tiksi,RU,2022-02-10 02:40:20,71.6872,128.8694,-12.62,93,99,13.82
418,Yeppoon,AU,2022-02-10 02:40:20,-23.1333,150.7333,87.58,57,6,13.24
419,Bambanglipuro,ID,2022-02-10 02:40:21,-7.95,110.2833,82.71,72,99,12.95
420,Kalmunai,LK,2022-02-10 02:40:21,7.4167,81.8167,77.81,80,86,9.51
421,San Patricio,US,2022-02-10 02:40:21,28.017,-97.5169,58.84,59,15,8.72
422,Husavik,IS,2022-02-10 02:40:22,66.0449,-17.3389,10.31,78,79,7.81
423,Araouane,ML,2022-02-10 02:40:22,18.9048,-3.5265,62.26,13,4,12.71
424,Galesong,ID,2022-02-10 02:40:22,-5.3166,119.3661,82.42,82,100,11.14
425,Esmeraldas,BR,2022-02-10 02:40:23,-19.7625,-44.3139,68.86,95,100,3.2
426,Baley,RU,2022-02-10 02:40:23,51.6,116.6333,-0.45,89,89,2.89
427,Zurrieq,MT,2022-02-10 02:40:24,35.8311,14.4742,50.97,87,0,6.91
428,Dunedin,NZ,2022-02-10 02:40:24,-45.8742,170.5036,68.81,80,42,5.99
429,Naze,JP,2022-02-10 02:40:24,28.3667,129.4833,59.92,75,92,15.9
430,Pontianak,ID,2022-02-10 02:40:25,-0.0333,109.3333,76.98,94,75,4.61
431,Presidencia Roque Saenz Pena,AR,2022-02-10 02:40:25,-26.7852,-60.4388,73.56,34,0,4.68
432,Nouakchott,MR,2022-02-10 02:40:25,18.0858,-15.9785,70.72,24,9,14.36
433,Plerin,FR,2022-02-10 02:40:26,48.5425,-2.7798,46.2,92,100,7.0
434,Bereda,ES,2022-02-10 02:40:26,43.2686,-7.5406,46.99,97,49,2.51
435,San Quintin,MX,2022-02-10 02:40:26,30.4833,-115.95,60.58,50,0,1.83
436,Jamame,SO,2022-02-10 02:40:27,0.0722,42.7506,75.58,84,46,10.92
437,Ovre Ardal,NO,2022-02-10 02:40:27,61.3167,7.8,28.53,95,100,15.52
438,Leh,IN,2022-02-10 02:40:27,34.1667,77.5833,-5.49,90,98,2.33
439,Bathurst,AU,2022-02-10 02:40:28,-33.4166,149.5806,82.27,31,50,10.96
440,Anchorage,US,2022-02-10 02:35:42,61.2181,-149.9003,18.93,72,0,32.21
441,Oistins,BB,2022-02-10 02:38:00,13.0667,-59.5333,77.09,73,75,18.41
442,Sawtell,AU,2022-02-10 02:40:28,-30.3833,153.1,88.18,42,0,9.22
443,Churapcha,RU,2022-02-10 02:40:29,62.0025,132.4325,-15.97,92,97,3.38
444,Emirdag,TR,2022-02-10 02:40:29,39.0197,31.15,24.1,93,78,7.54
445,Kudahuvadhoo,MV,2022-02-10 02:40:30,2.6708,72.8944,80.91,72,63,8.39
446,Pskov,RU,2022-02-10 02:36:44,57.8136,28.3496,37.31,87,75,8.95
447,Adrar,MR,2022-02-10 02:40:30,20.5022,-10.0711,61.23,16,5,12.59
448,Boyolangu,ID,2022-02-10 02:40:31,-8.1181,111.8935,80.38,78,98,3.65
449,Kyren,RU,2022-02-10 02:40:31,51.6828,102.1408,-4.5,95,97,0.54
450,Terrak,NO,2022-02-10 02:40:31,65.087,12.3715,37.27,78,100,25.9
451,Broome,US,2022-02-10 02:40:32,42.2506,-75.833,41.67,63,100,10.0
452,Eyl,SO,2022-02-10 02:35:44,7.9803,49.8164,70.45,75,21,14.27
453,Saint-Pierre,RE,2022-02-10 02:40:32,-21.3393,55.4781,74.88,64,0,8.05
454,Oriximina,BR,2022-02-10 02:40:32,-1.7656,-55.8661,74.44,95,100,0.83
455,Satkhira,BD,2022-02-10 02:40:33,22.7167,89.1,72.09,50,2,4.47
456,Vagay,RU,2022-02-10 02:40:33,57.9375,69.0217,-9.6,98,6,5.66
457,Ardabil,IR,2022-02-10 02:40:34,38.2498,48.2933,26.15,86,75,0.0
458,Minab,IR,2022-02-10 02:40:34,27.1467,57.0801,51.3,48,0,2.48
459,Mbengwi,CM,2022-02-10 02:40:34,6.0167,10.0,63.86,26,87,1.28
460,Kasempa,ZM,2022-02-10 02:40:35,-13.4584,25.8338,61.9,98,100,3.13
461,Kampot,KH,2022-02-10 02:40:35,10.6167,104.1833,84.25,63,95,5.77
462,Valparaiso,CL,2022-02-10 02:40:35,-33.0393,-71.6273,65.48,81,100,4.61
463,Krasnoselkup,RU,2022-02-10 02:40:36,65.7,82.4667,-12.87,88,20,9.22
464,Sabzevar,IR,2022-02-10 02:40:36,36.2126,57.6819,41.14,42,11,5.3
465,Tahoua,NE,2022-02-10 02:40:36,14.8888,5.2692,67.26,10,0,11.61
466,Isla Mujeres,MX,2022-02-10 02:40:10,21.2311,-86.731,71.65,76,7,12.35
467,Shakawe,BW,2022-02-10 02:40:37,-18.3667,21.85,66.06,90,6,3.71
468,Pandamatenga,BW,2022-02-10 02:40:37,-18.5278,25.627,63.91,89,5,3.58
469,Ostrovnoy,RU,2022-02-10 02:40:38,68.0531,39.5131,23.36,87,96,22.48
470,Comodoro Rivadavia,AR,2022-02-10 02:36:19,-45.8667,-67.5,69.66,21,0,23.02
471,Malindi,KE,2022-02-10 02:40:38,-3.2175,40.1191,75.56,90,37,8.97
472,Miramar,US,2022-02-10 02:39:31,25.9873,-80.2323,64.42,90,40,5.75
473,Tadine,NC,2022-02-10 02:40:39,-21.55,167.8833,79.95,92,100,12.73
474,Mandurah,AU,2022-02-10 02:39:20,-32.55,115.7,88.14,36,0,3.87
475,Aripuana,BR,2022-02-10 02:40:39,-9.1667,-60.6333,72.21,99,99,1.43
476,Sydney,AU,2022-02-10 02:40:26,-33.8679,151.2073,95.77,51,0,9.22
477,Port-Cartier,CA,2022-02-10 02:40:40,50.0334,-66.8654,28.74,94,100,7.0
478,San Ramon,US,2022-02-10 02:37:46,37.7799,-121.978,64.11,52,0,4.61
479,Redmond,US,2022-02-10 02:40:02,47.674,-122.1215,52.45,81,94,1.01
480,Rio Grande,BR,2022-02-10 02:40:40,-32.035,-52.0986,67.95,66,0,13.96
481,Hibbing,US,2022-02-10 02:36:34,47.4272,-92.9377,15.57,46,100,24.16
482,Avera,US,2022-02-10 02:40:41,33.194,-82.5271,47.71,58,0,7.09
483,Srednekolymsk,RU,2022-02-10 02:40:41,67.45,153.6833,-31.31,96,59,6.4
484,General Jose Eduvigis Diaz,PY,2022-02-10 02:40:42,-27.1667,-58.4167,78.84,33,0,6.58
485,Aksu,CN,2022-02-10 02:39:12,41.1231,80.2644,26.78,50,84,3.27
486,Ponta Delgada,PT,2022-02-10 02:40:42,37.7333,-25.6667,58.5,88,20,13.8
487,Tomohon,ID,2022-02-10 02:40:42,1.3346,124.8392,79.74,65,84,4.52
488,Horsham,GB,2022-02-10 02:40:43,51.064,-0.3272,48.02,91,75,11.5
489,Ozerne,UA,2022-02-10 02:40:43,50.1782,28.7338,37.51,95,100,15.66
490,Yulara,AU,2022-02-10 02:40:44,-25.2406,130.9889,91.24,25,40,13.8
491,Borazjan,IR,2022-02-10 02:40:44,29.2666,51.2159,51.13,41,0,4.43
492,Cordoba,AR,2022-02-10 02:37:24,-31.4135,-64.1811,67.42,74,0,8.05
493,Barcelona,ES,2022-02-10 02:37:56,41.3888,2.159,49.53,86,20,9.22
494,Auki,SB,2022-02-10 02:40:45,-8.7676,160.7034,82.15,81,99,9.57
495,Najran,SA,2022-02-10 02:40:45,17.4924,44.1277,50.65,34,1,1.99
496,Ipixuna,BR,2022-02-10 02:40:45,-1.7625,-48.8043,78.75,98,63,3.06
497,Luanda,AO,2022-02-10 02:40:46,-8.8368,13.2343,77.0,78,75,4.61
498,Nemuro,JP,2022-02-10 02:40:46,43.3236,145.575,27.03,68,5,4.03
499,Ketchikan,US,2022-02-10 02:40:46,55.3422,-131.6461,46.87,87,75,9.22
500,Newport,GB,2022-02-10 02:40:47,51.5877,-2.9984,44.85,86,100,6.15
501,Paso De Los Toros,UY,2022-02-10 02:40:47,-32.8167,-56.5167,67.03,65,0,13.47
502,Baker City,US,2022-02-10 02:40:47,44.7749,-117.8344,45.64,86,0,4.61
503,Pratapgarh,IN,2022-02-10 02:40:48,24.0333,74.7833,58.28,77,0,13.56
504,Kutoarjo,ID,2022-02-10 02:40:48,-7.7169,109.9128,81.77,75,100,2.75
505,Aasiaat,GL,2022-02-10 02:40:48,68.7098,-52.8699,-6.84,97,100,16.82
506,Say,NE,2022-02-10 02:40:49,13.1007,2.3689,72.16,12,1,10.22
507,Beboto,TD,2022-02-10 02:40:49,8.2668,16.939,66.4,15,32,4.38
508,Roma,US,2022-02-10 02:39:14,43.2128,-75.4557,46.26,61,100,8.05
509,Kampong Cham,KH,2022-02-10 02:40:50,11.9934,105.4635,85.39,56,91,7.61
510,Gayny,RU,2022-02-10 02:40:50,60.3071,54.3241,24.67,93,100,11.59
511,Arcelia,MX,2022-02-10 02:40:50,18.2833,-100.2667,74.32,32,0,3.87
512,Waipawa,NZ,2022-02-10 02:40:51,-41.4122,175.5153,72.23,63,99,8.08
513,Port Lincoln,AU,2022-02-10 02:40:51,-34.7333,135.8667,70.83,51,26,10.36
514,Imeni Babushkina,RU,2022-02-10 02:40:52,59.7573,43.1285,22.1,95,100,6.8
515,Usogorsk,RU,2022-02-10 02:40:52,63.4106,48.6872,18.55,93,100,9.91
516,Kalaleh,IR,2022-02-10 02:40:52,37.3807,55.4916,50.36,70,0,0.0
517,Tullow,IE,2022-02-10 02:40:53,52.8003,-6.7369,40.24,83,100,6.8
518,Creston,US,2022-02-10 02:40:53,41.0586,-94.3614,35.33,74,0,9.22
519,Potiskum,NG,2022-02-10 02:40:53,11.7091,11.0694,61.07,13,12,9.86
520,Kulachi,PK,2022-02-10 02:40:54,31.9286,70.4592,55.62,47,0,1.57
521,Tawang,IN,2022-02-10 02:40:54,27.5833,91.8667,35.11,55,31,3.49
522,Balkhash,KZ,2022-02-10 02:40:55,46.844,74.9804,2.01,85,0,11.18
523,Chute-Aux-Outardes,CA,2022-02-10 02:40:55,49.1168,-68.399,28.71,86,100,5.75
524,Linxia,CN,2022-02-10 02:40:55,35.6003,103.2064,22.46,83,100,0.09
525,Hua Hin,TH,2022-02-10 02:40:56,12.5707,99.9588,89.01,58,20,3.44
526,Komsomolskiy,UZ,2022-02-10 02:36:24,40.4272,71.7189,33.22,86,100,6.91
527,Ewa Beach,US,2022-02-10 02:39:19,21.3156,-158.0072,80.55,60,40,16.11
528,Ihiala,NG,2022-02-10 02:40:56,5.8538,6.8603,72.37,91,6,2.15
529,Carutapera,BR,2022-02-10 02:40:57,-1.195,-46.02,75.18,93,100,5.03
530,Almaznyy,RU,2022-02-10 02:40:57,48.0448,40.045,30.34,91,100,8.68
531,Kargil,IN,2022-02-10 02:40:57,34.5667,76.1,-11.43,94,93,1.61
532,Saryozek,KZ,2022-02-10 02:40:58,44.3583,77.9753,19.6,91,100,4.65
533,Manggar,ID,2022-02-10 02:40:58,-2.8833,108.2667,79.7,81,100,12.73
534,Hamilton,US,2022-02-10 02:40:59,39.1834,-84.5333,44.35,67,100,12.66
535,Virginia Beach,US,2022-02-10 02:39:29,36.8529,-75.978,44.02,73,75,3.44
536,Okha,RU,2022-02-10 02:40:59,53.5739,142.9478,17.74,94,100,12.91
537,Mahibadhoo,MV,2022-02-10 02:40:59,3.7833,72.9667,80.8,75,57,8.68
538,Mitsamiouli,KM,2022-02-10 02:41:00,-11.3847,43.2844,81.03,75,92,9.69
539,Angul,IN,2022-02-10 02:41:00,20.85,85.1,71.24,63,6,1.68
540,Turukhansk,RU,2022-02-10 02:41:00,65.8167,87.9833,-25.42,99,67,6.33
541,Shelburne,CA,2022-02-10 02:41:01,44.0787,-80.2041,36.05,89,100,12.37
542,Arman,RU,2022-02-10 02:41:01,59.7,150.1667,7.02,69,96,2.66
543,Lovington,US,2022-02-10 02:36:18,32.944,-103.3485,49.64,24,0,4.0
544,Nguruka,TZ,2022-02-10 02:41:02,-5.1092,31.0419,64.63,94,100,0.72
545,Whitehorse,CA,2022-02-10 02:41:02,60.7161,-135.0538,38.01,75,40,13.8
546,Yerbogachen,RU,2022-02-10 02:41:03,61.2767,108.0108,-17.48,95,92,4.85
547,Progreso,MX,2022-02-10 02:41:03,21.2833,-89.6667,69.12,74,21,9.48
548,Raton,US,2022-02-10 02:41:04,36.9034,-104.4391,37.58,40,0,5.75
549,Tecoanapa,MX,2022-02-10 02:41:04,16.5167,-98.75,76.06,75,3,4.32
550,Chara,RU,2022-02-10 02:41:04,56.9064,118.2631,-15.72,95,97,1.39
551,Belle Fourche,US,2022-02-10 02:41:05,44.6714,-103.8522,41.5,72,99,5.5
